<?xml version="1.0" encoding="UTF-8"?>
<module version="0.2">
    <title xml:lang="ko">관리자 로깅</title>
    <title xml:lang="en">Administrator logging</title>
    <title xml:lang="jp">管理者ロギング</title>
    <description xml:lang="ko"></description>
    <description xml:lang="en"></description>
    <description xml:lang="jp"></description>
    <version>1.7</version>
    <date>2013-11-27</date>
    <category>system</category>

    <author email_address="developers@xpressengine.com" link="http://xpressengine.com/">
        <name xml:lang="ko">NAVER</name>
        <name xml:lang="en">NAVER</name>
        <name xml:lang="vi">NAVER</name>
        <name xml:lang="es">NAVER</name>
        <name xml:lang="zh-CN">NAVER</name>
        <name xml:lang="jp">NAVER</name>
        <name xml:lang="ru">NAVER</name>
        <name xml:lang="zh-TW">NAVER</name>
        <name xml:lang="tr">NAVER</name>
    </author>
</module>
