<?xml version="1.0" encoding="UTF-8"?>
<skin version="0.2">
    <title xml:lang="ko">설문조사 간단한 스킨</title>
    <title xml:lang="vi">Skin thăm dò đơn giản</title>
    <title xml:lang="jp">アンケート調査の簡単スキン</title>
    <title xml:lang="zh-CN">投票系统简易皮肤</title>
    <title xml:lang="zh-TW">投票系統簡單面板</title>
    <title xml:lang="tr">Oylama Sistem Dış Görünümü</title>
    <description xml:lang="ko">설문조사 간단한 스킨</description>
    <description xml:lang="vi">Skin hiển thị thăm dò đơn giản.</description>
    <description xml:lang="jp">アンケート調査の簡単スキン</description>
    <description xml:lang="zh-CN">投票系统简易皮肤。</description>
    <description xml:lang="zh-TW">投票系統簡單面板。</description>
    <description xml:lang="tr">Oylama Sistemi Dış Görünümü</description>
    <version>1.7</version>
    <date>2013-11-27</date>

    <author email_address="developers@xpressengine.com" link="http://xpressengine.com/">
        <name xml:lang="ko">NAVER</name>
        <name xml:lang="vi">NAVER</name>
        <name xml:lang="jp">NAVER</name>
        <name xml:lang="zh-CN">NAVER</name>
        <name xml:lang="zh-TW">NAVER</name>
        <name xml:lang="tr">NAVER</name>
    </author>

    <colorset>
        <color name="normal">
            <title xml:lang="ko">기본</title>
            <title xml:lang="vi">Mặc định</title>
            <title xml:lang="zh-CN">默认</title>
            <title xml:lang="jp">デフォルト</title>
            <title xml:lang="en">Default</title>
            <title xml:lang="zh-TW">預設</title>
            <title xml:lang="tr">Varsayılan</title>
        </color>
    </colorset>
</skin>
