<?xml version="1.0" encoding="UTF-8"?>
<skin version="0.2">
	<title xml:lang="ko">Default Mobile Page Skin</title>
	<title xml:lang="en">Default Mobile Page Skin</title>
	<title xml:lang="jp">Default Mobile Page Skin</title>
	<description xml:lang="ko">
		 문서형 페이지의 기본 스킨입니다.
	</description>
	<description xml:lang="jp">
		 ドキュメント型ページのデフォルトスキンです。
	</description>
	<version>1.7</version>
	<date>2013-11-27</date>

	<author email_address="developers@xpressengine.com" link="http://xpressengine.com/">
		<name xml:lang="ko">NAVER</name>
		<name xml:lang="jp">NAVER</name>
		<name xml:lang="zh-CN">NAVER</name>
		<name xml:lang="en">NAVER</name>
		<name xml:lang="vi">NAVER</name>
		<name xml:lang="es">NAVER</name>
		<name xml:lang="zh-TW">NAVER</name>
		<name xml:lang="tr">NAVER</name>
	</author>
	<extra_vars>
		<var name="display_mobile_title" type="radio" default="show">
			<title xml:lang="ko">제목표시</title>
			<title xml:lang="en">Display title</title>
			<title xml:lang="jp">タイトル表示</title>
			<description xml:lang="ko">
				문서의 제목을 표시 할지 결정합니다.
			</description>
			<description xml:lang="jp">
				ドキュメントのタイトルの表示可否を決定します。
			</description>
			<options value="show">
				<title xml:lang="ko">출력</title>
				<title xml:lang="en">Show</title>
				<title xml:lang="jp">表示</title>
			</options>
			<options value="hide">
				<title xml:lang="ko">출력하지 않음</title>
				<title xml:lang="en">Hide</title>
				<title xml:lang="jp">非表示</title>
			</options>
		</var>
		<var name="display_popupmenu" type="radio" default="show">
			<title xml:lang="ko">팝업메뉴 표시</title>
			<title xml:lang="en">Display popup menu</title>
			<title xml:lang="jp">ポップアップメニュー表示</title>
			<description xml:lang="ko">
				문서 하단의 팝업 메뉴를 표시 할지 선택합니다.
			</description>
			<description xml:lang="jp">
				ドキュメント下段のポップアップメニューの表示可否を選択します。
			</description>
			<options value="show">
				<title xml:lang="ko">출력</title>
				<title xml:lang="en">Show</title>
				<title xml:lang="jp">表示</title>
			</options>
			<options value="hide">
				<title xml:lang="ko">출력하지 않음</title>
				<title xml:lang="en">Hide</title>
				<title xml:lang="jp">非表示</title>
			</options>
		</var>
	</extra_vars>
</skin>
