<table name="poll_title">
    <column name="poll_srl" type="number" size="11" notnull="notnull" index="idx_poll_srl" />
    <column name="poll_index_srl" type="number" size="11" notnull="notnull" index="idx_poll_srl" />
    <column name="title" type="varchar" size="250" notnull="notnull" />
    <column name="checkcount" type="number" size="11" notnull="notnull" default="1" />
    <column name="poll_count" type="number" size="11" notnull="notnull" />
    <column name="upload_target_srl" type="number" size="11" notnull="notnull" index="idx_upload_target_srl" />
    <column name="member_srl" type="number" size="11" notnull="notnull" index="idx_member_srl" />
    <column name="ipaddress" type="varchar" size="128" notnull="notnull" index="idx_ipaddress" />
    <column name="regdate" type="date" index="idx_regdate" />
    <column name="list_order" type="number" size="11" notnull="notnull" index="idx_list_order" />
</table>
