<?xml version="1.0" encoding="UTF-8"?>
<module version="0.2">
    <title xml:lang="ko">오류 표시</title>
    <title xml:lang="jp">エラー表示</title>
    <title xml:lang="zh-CN">错误信息</title>
    <title xml:lang="en">Display Errors</title>
    <title xml:lang="vi">Hiển thị lỗi</title>
    <title xml:lang="es">Mostrar el error</title>
    <title xml:lang="ru">Отображение ошибок</title>
    <title xml:lang="zh-TW">錯誤訊息</title>
    <title xml:lang="tr">Hata Görüntüleme</title>
    <description xml:lang="ko">오류 및 각종 시스템 메세지를 관리합니다.</description>
    <description xml:lang="jp">エラー及びシステムメッセージ管理モジュール</description>
    <description xml:lang="zh-CN">管理错误信息及各种系统信息的模块。</description>
    <description xml:lang="en">Erros and system messages manager.</description>
    <description xml:lang="vi">Module này quản lý những thông báo lỗi của hệ thống.</description>
    <description xml:lang="es">Este módulo es para manejar los errores y mensajes del sistema.</description>
    <description xml:lang="ru">Этот модуль управляет ошибками и системными сообщениями.</description>
    <description xml:lang="zh-TW">管理錯誤訊息及各種系統訊息的模組。</description>
    <description xml:lang="tr">Bu modül, hataları ve sistem mesajlarını yönetir.</description>
    <version>1.7</version>
    <date>2013-11-27</date>
    <category>system</category>

    <author email_address="developers@xpressengine.com" link="http://xpressengine.com/">
        <name xml:lang="ko">NAVER</name>
        <name xml:lang="vi">NAVER</name>
        <name xml:lang="jp">NAVER</name>
        <name xml:lang="zh-CN">NAVER</name>
        <name xml:lang="en">NAVER</name>
        <name xml:lang="es">NAVER</name>
        <name xml:lang="ru">NAVER</name>
        <name xml:lang="zh-TW">NAVER</name>
        <name xml:lang="tr">NAVER</name>
    </author>
</module>
