<?xml version="1.0" encoding="UTF-8"?>
<skin version="0.2">
    <title xml:lang="ko">기본 스킨</title>
    <title xml:lang="zh-CN">默认皮肤</title>
    <title xml:lang="jp">基本スキン</title>
    <title xml:lang="en">Default Skin</title>
    <title xml:lang="vi">Skin Mặc định</title>
    <title xml:lang="es">Por defecto piel</title>
    <title xml:lang="ru">기본 스킨</title>
    <title xml:lang="zh-TW">預設面板</title>
    <title xml:lang="tr">Varsayılan Dış Görünüm</title>
    <description xml:lang="ko">
        NAVER (developers@xpressengine.com)
    </description>
    <description xml:lang="zh-CN">
        NAVER (developers@xpressengine.com)
    </description>
    <description xml:lang="jp">
        NAVER (developers@xpressengine.com)
    </description>
    <description xml:lang="en">
        NAVER (developers@xpressengine.com)
    </description>
    <description xml:lang="vi">
        NAVER (developers@xpressengine.com)
    </description>
    <description xml:lang="es">
        NAVER (developers@xpressengine.com)
    </description>
    <description xml:lang="ru">
        NAVER (developers@xpressengine.com)
    </description>
    <description xml:lang="zh-TW">
        NAVER (developers@xpressengine.com)
    </description>
    <description xml:lang="tr">
        NAVER (developers@xpressengine.com)
    </description>
    <version>1.7</version>
    <date>2013-11-27</date>

    <author email_address="developers@xpressengine.com" link="http://xpressengine.com/">
        <name xml:lang="ko">NAVER</name>
        <name xml:lang="jp">NAVER</name>
        <name xml:lang="zh-CN">NAVER</name>
        <name xml:lang="en">NAVER</name>
        <name xml:lang="vi">NAVER</name>
        <name xml:lang="es">NAVER</name>
        <name xml:lang="ru">NAVER</name>
        <name xml:lang="zh-TW">NAVER</name>
        <name xml:lang="tr">NAVER</name>
    </author>
</skin>
