<?xml version="1.0" encoding="UTF-8"?>
<skin version="0.2">
    <title xml:lang="ko">설문조사 기본 스킨</title>
    <title xml:lang="zh-CN">投票系统默认皮肤</title>
    <title xml:lang="jp">アンケート調査デフォルトスキン</title>
    <title xml:lang="en">Default Skin of teh Poll</title>
    <title xml:lang="vi">Skin mặc định của thăm dò</title>
    <title xml:lang="zh-TW">投票系統預設面板</title>
    <title xml:lang="tr">Oylamanın Varsayılan Dış Görünümü</title>
    <description xml:lang="ko">설문조사 기본 스킨</description>
    <description xml:lang="zh-CN">投票系统默认皮肤。</description>
    <description xml:lang="jp">アンケート調査デフォルトスキン</description>
    <description xml:lang="en">Default Skin of the Poll</description>
    <description xml:lang="vi">Skin mặc định của thăm dò.</description>
    <description xml:lang="zh-TW">投票系統預設面板。</description>
    <description xml:lang="tr">Oylamanın Varsayılan Dış Görünümü</description>
    <version>1.7</version>
    <date>2013-11-27</date>

    <author email_address="developers@xpressengine.com" link="http://xpressengine.com/">
        <name xml:lang="ko">NAVER</name>
        <name xml:lang="vi">NAVER</name>
        <name xml:lang="zh-CN">NAVER</name>
        <name xml:lang="jp">NAVER</name>
        <name xml:lang="en">NAVER</name>
        <name xml:lang="zh-TW">NAVER</name>
        <name xml:lang="tr">NAVER</name>
    </author>

    <colorset>
        <color name="normal">
            <title xml:lang="ko">기본</title>
            <title xml:lang="vi">Mặc định</title>
            <title xml:lang="zh-CN">默认</title>
            <title xml:lang="jp">デフォルト</title>
            <title xml:lang="en">Default</title>
            <title xml:lang="zh-TW">預設</title>
            <title xml:lang="tr">Varsayılan</title>
        </color>
    </colorset>
</skin>
