<?xml version="1.0" encoding="UTF-8"?>
<module version="0.2">
    <title xml:lang="ko">문서</title>
    <title xml:lang="en">Document</title>
    <title xml:lang="vi">Bài viết</title>
    <title xml:lang="es">Documento</title>
    <title xml:lang="zh-CN">主题管理</title>
    <title xml:lang="jp">ドキュメント</title>
    <title xml:lang="ru">Документы</title>
    <title xml:lang="zh-TW">主題</title>
    <title xml:lang="tr">Belge</title>
    <description xml:lang="ko">게시판, 블로그 등의 문서를 관리합니다. </description>
    <description xml:lang="en">Managing documents used in a board, blog, etc.</description>
    <description xml:lang="vi">Module quản lý bài viết trên Board, Sổ lưu niệm và những mục khác.</description>
    <description xml:lang="es">Módulo para manejar los documentos en blog y en los tableros.</description>
    <description xml:lang="zh-CN">管理版面，博客等处主题的模块。 </description>
    <description xml:lang="jp">掲示板、ブログなどのモジュールで使用されるドキュメント（書き込み）を管理します。</description>
    <description xml:lang="ru">Модуль для управления документами в форуме, блоге и прочее.</description>
    <description xml:lang="zh-TW">管理討論板，部落格等主題的模組。 </description>
    <description xml:lang="tr">Panoda, blogda, vb., kullanılan belgeleri yönetmek için olan modüldür.</description>
    <version>1.7</version>
    <date>2013-11-27</date>
    <category>content</category>

    <author email_address="developers@xpressengine.com" link="http://xpressengine.com/">
        <name xml:lang="ko">NAVER</name>
        <name xml:lang="en">NAVER</name>
        <name xml:lang="vi">NAVER</name>
        <name xml:lang="es">NAVER</name>
        <name xml:lang="zh-CN">NAVER</name>
        <name xml:lang="jp">NAVER</name>
        <name xml:lang="ru">NAVER</name>
        <name xml:lang="zh-TW">NAVER</name>
        <name xml:lang="tr">NAVER</name>
    </author>
</module>
