<query id="getDocumentList" action="select">
	<tables>
		<table name="documents" />
	</tables>
	<columns>
		<column name="*" />
	</columns>
	<conditions>
		<condition operation="equal" column="member_srl" var="member_srl" filter="number" notnull="notnull" />
	</conditions>
	<navigation>
		<index var="list_order" default="list_order" order="asc" />
		<list_count var="list_count" default="20" />
		<page_count var="page_count" default="10" />
		<page var="page" default="1" />
	</navigation>
</query>
