<query id="getDocumentListExtraSort" action="select">
    <tables>
        <table name="documents" alias="d" />
        <table name="document_extra_vars" alias="ev" />
    </tables>
    <columns>
        <column name="d.*" />
    </columns>
	<index_hint name="idx_document_list_order" type="use" />
    <conditions>
        <condition operation="equal" column="ev.eid" var="sort_index" />
        <condition operation="equal" column="ev.document_srl" default="d.document_srl" pipe="and" />
        <condition operation="in" column="d.module_srl" var="module_srl" filter="number" pipe="and" />
        <condition operation="notin" column="d.module_srl" var="exclude_module_srl" filter="number" pipe="and" />
        <condition operation="in" column="d.category_srl" var="category_srl" pipe="and" />
        <condition operation="equal" column="d.is_notice" var="s_is_notice" pipe="and" />
        <condition operation="equal" column="d.member_srl" var="member_srl" filter="number" pipe="and" />
        <condition operation="in" column="d.status" var="statusList" pipe="and" />
        <group pipe="and">
            <condition operation="more" column="d.list_order" var="division" pipe="and" />
            <condition operation="below" column="d.list_order" var="last_division" pipe="and" />
        </group>
        <group pipe="and">
            <condition operation="like" column="d.title" var="s_title" />
            <condition operation="like" column="d.content" var="s_content" pipe="or" />
            <condition operation="like" column="d.user_name" var="s_user_name" pipe="or" />
            <condition operation="like" column="d.user_id" var="s_user_id" pipe="or" />
            <condition operation="like" column="d.nick_name" var="s_nick_name" pipe="or" />
            <condition operation="like" column="d.email_address" var="s_email_addres" pipe="or" />
            <condition operation="like" column="d.homepage" var="s_homepage" pipe="or" />
            <condition operation="like" column="d.tags" var="s_tags" pipe="or" />
            <condition operation="equal" column="d.is_secret" var="s_is_secret" pipe="or" />
            <condition operation="equal" column="d.member_srl" var="s_member_srl" pipe="or" />
            <condition operation="more" column="d.readed_count" var="s_readed_count" pipe="or" />
            <condition operation="more" column="d.voted_count" var="s_voted_count" pipe="or" />
            <condition operation="less" column="d.blamed_count" var="s_blamed_count" pipe="or" />
            <condition operation="more" column="d.comment_count" var="s_comment_count" pipe="or" />
            <condition operation="more" column="d.trackback_count" var="s_trackback_count" pipe="or" />
            <condition operation="more" column="d.uploaded_count" var="s_uploaded_count" pipe="or" />
            <condition operation="like_prefix" column="d.regdate" var="s_regdate" pipe="or" />
            <condition operation="like_prefix" column="d.last_update" var="s_last_update" pipe="or" />
            <condition operation="like_prefix" column="d.ipaddress" var="s_ipaddress" pipe="or" />
        </group>
        <group pipe="and">
            <condition operation="more" column="d.last_update" var="start_date" pipe="and" />
            <condition operation="less" column="d.last_update" var="end_date" pipe="and" />
        </group>
    </conditions>
    <navigation>
        <index var="ev.value" default="ev.value" order="order_type" />
        <list_count var="list_count" default="20" />
        <page_count var="page_count" default="10" />
        <page var="page" default="1" />
    </navigation>
</query>
