<query id="getNoticeList" action="select">
    <tables>
        <table name="documents" />
    </tables>
    <columns>
        <column name="*" />
    </columns>
    <conditions>
        <condition operation="in" column="module_srl" var="module_srl" filter="number" />
        <condition operation="equal" column="is_notice" default="Y" pipe="and" />
        <condition operation="equal" column="category_srl" var="category_srl" pipe="and" />
    </conditions>
    <navigation>
        <index var="sort_index" default="document_srl" order="desc" />
    </navigation>
</query>
