<query id="getTrashList" action="select">
    <tables>
        <table name="documents" />
        <table name="document_trash" />
    </tables>
    <columns>
        <column name="documents.*" />
        <column name="document_trash.trash_srl" alias="trash_srl" />
        <column name="document_trash.module_srl" alias="module_srl" />
        <column name="document_trash.trash_date" alias="trash_date" />
        <column name="document_trash.description" alias="trash_description" />
        <column name="document_trash.ipaddress" alias="trash_ipaddress" />
        <column name="document_trash.user_id" alias="trash_user_id" />
        <column name="document_trash.user_name" alias="trash_user_name" />
        <column name="document_trash.nick_name" alias="trash_nick_name" />
        <column name="document_trash.member_srl" alias="trash_member_srl" />
    </columns>
    <conditions>
        <condition operation="equal" column="document_trash.document_srl" default="documents.document_srl" notnull="notnull" />
        <condition operation="in" column="document_trash.module_srl" var="module_srl" filter="number" pipe="and" />
        <condition operation="equal" column="document_trash.member_srl" var="member_srl" filter="number" pipe="and" />

        <group pipe="and">
            <condition operation="like" column="documents.title" var="s_title" />
            <condition operation="like" column="documents.content" var="s_content" pipe="or" />
            <condition operation="like" column="documents.user_name" var="s_user_name" pipe="or" />
            <condition operation="like" column="documents.user_id" var="s_user_id" pipe="or" />
            <condition operation="like" column="documents.nick_name" var="s_nick_name" pipe="or" />
            <condition operation="like" column="documents.email_address" var="s_email_addres" pipe="or" />
            <condition operation="like" column="documents.homepage" var="s_homepage" pipe="or" />
            <condition operation="like" column="documents.tags" var="s_tags" pipe="or" />
            <condition operation="equal" column="documents.is_secret" var="s_is_secret" pipe="or" />
            <condition operation="equal" column="documents.member_srl" var="s_member_srl" pipe="or" />
            <condition operation="more" column="documents.readed_count" var="s_readed_count" pipe="or" />
            <condition operation="more" column="documents.voted_count" var="s_voted_count" pipe="or" />
            <condition operation="less" column="documents.blamed_count" var="s_blamed_count" pipe="or" />
            <condition operation="more" column="documents.comment_count" var="s_comment_count" pipe="or" />
            <condition operation="more" column="documents.trackback_count" var="s_trackback_count" pipe="or" />
            <condition operation="more" column="documents.uploaded_count" var="s_uploaded_count" pipe="or" />
            <condition operation="like_prefix" column="documents.regdate" var="s_regdate" pipe="or" />
            <condition operation="like_prefix" column="documents.last_update" var="s_last_update" pipe="or" />
            <condition operation="like_prefix" column="documents.ipaddress" var="s_ipaddress" pipe="or" />
        </group>


    </conditions>
    <navigation>
        <index var="sort_index" default="documents.list_order" order="order_type" />
        <list_count var="list_count" default="20" />
        <page_count var="page_count" default="10" />
        <page var="page" default="1" />
    </navigation>
</query>
