<query id="insertAlias" action="insert">
    <tables>
        <table name="document_aliases" />
    </tables>
    <columns>
        <column name="module_srl" var="module_srl" filter="number" default="0" notnull="notnull" />
        <column name="document_srl" var="document_srl" filter="number" default="0" notnull="notnull" />
        <column name="alias_title" var="alias_title" notnull="notnull" minlength="1" maxlength="250" />
        <column name="alias_srl" var="alias_srl" filter="number" default="0" notnull="notnull" />
    </columns>
</query>
