<query id="updateDocumentExtraVar" action="update">
    <tables>
        <table name="document_extra_vars" />
    </tables>
    <columns>
        <column name="value" var="value" />
        <column name="lang_code" var="lang_code" />
        <column name="eid" var="eid" />
    </columns>
    <conditions>
        <condition operation="equal" column="module_srl" var="module_srl" filter="number" notnull="notnull" />
        <condition operation="equal" column="document_srl" var="document_srl" filter="number" pipe="and" />
        <condition operation="equal" column="var_idx" var="var_idx" filter="number" notnull="notnull" pipe="and" />
    </conditions>
</query>
