<?xml version="1.0" encoding="UTF-8"?>
<module version="0.2">
    <title xml:lang="ko">페이지</title>
    <title xml:lang="zh-CN">页面管理</title>
    <title xml:lang="jp">ページ</title>
    <title xml:lang="en">Page</title>
    <title xml:lang="vi">Trang</title>
    <title xml:lang="es">Página</title>
    <title xml:lang="ru">Страницы</title>
    <title xml:lang="zh-TW">頁面</title>
    <title xml:lang="tr">Sayfa</title>
    <description xml:lang="ko">페이지를 제작할 수 있습니다.</description>
    <description xml:lang="zh-CN">制作页面并能连接到内容区的模块。</description>
    <description xml:lang="jp">ページを作成してコンテンツとしてリンク出来るようにするモジュールです。</description>
    <description xml:lang="en">This module is for creating pages to link with contents.</description>
    <description xml:lang="vi">Module này dành cho việc tạo trang cho liên kết với nội dung.</description>
    <description xml:lang="es">Este módulo is para crear página para enlazar con contenidos.</description>
    <description xml:lang="ru">Этот модуль служит для создания страниц, чтобы связать их с содержимым.</description>
    <description xml:lang="zh-TW">製作頁面並連結內容的模組。</description>
    <description xml:lang="tr">Bu modül içeriklere bağlanacak sayfaları oluşturmak içindir.</description>
    <version>1.7</version>
    <date>2013-11-27</date>
    <category>service</category>

    <author email_address="developers@xpressengine.com" link="http://xpressengine.com/">
        <name xml:lang="ko">NAVER</name>
        <name xml:lang="vi">NAVER</name>
        <name xml:lang="zh-CN">NAVER</name>
        <name xml:lang="jp">NAVER</name>
        <name xml:lang="en">NAVER</name>
        <name xml:lang="es">NAVER</name>
        <name xml:lang="ru">NAVER</name>
        <name xml:lang="zh-TW">NAVER</name>
        <name xml:lang="tr">NAVER</name>
    </author>
</module>
