<?xml version="1.0" encoding="UTF-8"?>
<module>
    <grants />
    <permissions>
        <permission action="procPageAdminRemoveWidgetCache" target="manager" />
        <permission action="dispPageAdminContentModify" target="manager" />
        <permission action="procPageAdminInsert" target="manager" />
        <permission action="procPageAdminInsertContent" target="manager" />
    </permissions>
    <actions>
        <action name="dispPageIndex" type="view" index="true" />
        <action name="dispPageAdminContent" type="view" admin_index="true" menu_name="page" menu_index="true" />
        <action name="dispPageAdminGrantInfo" type="view" menu_name="page" />
        <action name="dispPageAdminInfo" type="view" setup_index="true" menu_name="page" />
        <action name="dispPageAdminPageAdditionSetup" type="view" menu_name="page" />
        <action name="dispPageAdminDelete" type="view" />
        <action name="dispPageAdminContentModify" type="view" />
        <action name="dispPageAdminAddContent" type="view" />
        <action name="dispPageAdminMobileContentModify" type="view" />
		<action name="dispPageAdminMobileContent" type="view" />
		<action name="dispPageAdminSkinInfo" type="view" />
		<action name="dispPageAdminMobileSkinInfo" type="view" />

        <action name="procPageAdminRemoveWidgetCache" type="controller" />
        <action name="procPageAdminInsert" type="controller" ruleset="insertPage" />
        <action name="procPageAdminUpdate" type="controller" ruleset="updatePage" />
        <action name="procPageAdminInsertContent" type="controller" />
        <action name="procPageAdminDelete" type="controller" ruleset="deletePage" />
        <action name="procPageAdminInsertConfig" type="controller" />
        <action name="procPageAdminAddContent" type="controller" />
        <action name="procPageAdminArticleDocumentInsert" type="controller" />
    </actions>
	<menus>
		<menu name="page" type="all">
			<title xml:lang="en">Page</title>
			<title xml:lang="ko">페이지</title>
			<title xml:lang="zh-CN">Page</title>
			<title xml:lang="jp">ページ</title>
			<title xml:lang="es">Page</title>
			<title xml:lang="ru">Page</title>
			<title xml:lang="fr">Page</title>
			<title xml:lang="zh-TW">頁面</title>
			<title xml:lang="vi">Page</title>
			<title xml:lang="mn">Page</title>
			<title xml:lang="tr">Page</title>
		</menu>
	</menus>
</module>
