<?xml version="1.0" encoding="UTF-8"?>
<module version="0.2">
    <title xml:lang="ko">설문</title>
    <title xml:lang="zh-CN">投票系统</title>
    <title xml:lang="jp">アンケート</title>
    <title xml:lang="en">Poll</title>
    <title xml:lang="vi">Bình chọn, Thăm dò</title>
    <title xml:lang="es">Encuesta</title>
    <title xml:lang="ru">Опрос</title>
    <title xml:lang="zh-TW">投票調查</title>
    <title xml:lang="tr">Oylama</title>
    <description xml:lang="ko">설문조사 관리</description>
    <description xml:lang="zh-CN">管理投票调查的模块。</description>
    <description xml:lang="jp">アンケート管理モジュール</description>
    <description xml:lang="en">This module is for managering polls.</description>
    <description xml:lang="vi">Module này quản lý những bình chọn và thăm dò.</description>
    <description xml:lang="es">Este módulo es para manejar las encuestas.</description>
    <description xml:lang="ru">Этот модуль служит для управления опросами.</description>
    <description xml:lang="zh-TW">管理投票調查的模組。</description>
    <description xml:lang="tr">Oylamaları düzenlemek için kullanılan modüldür.</description>
    <version>1.7</version>
    <date>2013-11-27</date>
    <category>content</category>

    <author email_address="developers@xpressengine.com" link="http://xpressengine.com/">
        <name xml:lang="ko">NAVER</name>
        <name xml:lang="vi">NAVER</name>
        <name xml:lang="zh-CN">NAVER</name>
        <name xml:lang="jp">NAVER</name>
        <name xml:lang="en">NAVER</name>
        <name xml:lang="es">NAVER</name>
        <name xml:lang="ru">NAVER</name>
        <name xml:lang="zh-TW">NAVER</name>
        <name xml:lang="tr">NAVER</name>
    </author>
</module>
